Country,Electoral_Democracy_Index_2023,GDP_per_capita_2023,Investments_percent_GDP_2023,Urbanization_percent_2023,Control of corruption 2023,Expected years of schooling
Luxembourg,0.874,128678.189942826,17.9502229880758,92.078,96.698112487793,14.503
Ireland,0.895,103887.800388081,26.3322520716791,64.466,92.9245300292969,19.569
Switzerland,0.887,99564.710026145,24.5764946902913,74.202,97.1698150634766,16.799
Norway,0.884,87925.0944188399,25.8760167755779,83.995,99.0566024780273,19.719
Singapore,0.403,84734.2559206054,21.0190163289694,100.0,98.1132049560547,16.89
United States,0.843,82769.4122114216,21.5410327347688,83.298,83.0188674926758,16.825
Denmark,0.916,68453.8769281145,22.8265168619473,88.495,100.0,19.329
Iceland,0.844,79636.9548578508,24.8660780868475,94.042,91.9811325073242,20.192
Qatar,0.086,80195.874646942,,99.354,75.0,15.079
Australia,0.855,64820.9117890026,23.9740168793693,86.617,95.7547149658203,21.482
Sweden,0.881,55516.836477474,24.9988036783869,88.738,97.6415100097656,20.707
Netherlands,0.843,64572.0059558854,19.9597414384989,93.179,96.2264175415039,18.946
Austria,0.846,56033.573792065,25.4080151070422,59.53,83.4905624389648,16.809
Finland,0.865,52925.6897638424,22.8139177520855,85.773,99.5283050537109,20.658
Germany,0.854,54343.2265084958,21.6725400485002,77.765,94.3396224975586,17.357
Belgium,0.898,54700.9093236712,25.3297303497481,98.189,89.1509399414062,20.069
Canada,0.848,53431.1857063879,24.0198953024404,81.862,94.8113174438477,16.458
France,0.876,44690.9345395117,23.1533644509286,81.777,83.9622650146484,16.574
New Zealand,0.878,48280.8114166238,23.5633177564404,86.985,98.5849075317383,19.733
Japan,0.828,33766.5268253808,26.1770855676398,92.043,90.0943374633789,15.476
United Kingdom,0.847,49463.8554617343,17.1673537304198,84.642,90.5660400390625,18.399
Italy,0.816,39003.3160954123,22.75497093188,71.973,67.9245300292969,17.266
South Korea,0.733,33121.3712885508,32.129273979048,81.456,79.7169799804688,16.284
Spain,0.85,33509.0127982139,21.004602475833,81.552,71.698112487793,18.501
Israel,0.72,52642.4267486308,26.112915649354,92.854,78.7735824584961,15.469
Kuwait,0.316,33729.7985494456,,100.0,60.3773574829102,16.192
Brunei,,32962.9065121916,29.5631702814335,79.149,88.6792449951172,13.599
United Arab Emirates,0.102,49040.6947525825,27.078656324271,87.779,82.5471725463867,16.072
Slovenia,0.757,32610.110922729,22.2261745390109,56.088,77.3584899902344,18.398
Czech Republic,,31591.1770732969,27.9925844224832,74.552,76.8867950439453,17.458
Malta,0.778,40395.7692064458,19.5540820486903,94.941,58.4905662536621,16.624
Portugal,0.851,27331.2094945255,20.5193634906027,67.906,74.0566024780273,17.875
Slovakia,0.817,24491.3771867262,19.3066196572379,54.027,61.3207550048828,15.522
Cyprus,0.778,36551.41796875,20.5141680170979,66.987,62.7358474731445,16.938
Estonia,0.895,30133.304450454,27.694515970385,69.81,91.5094375610352,16.858
Lithuania,0.788,27786.0057829276,21.9341715222081,68.694,77.8301849365234,17.031
Poland,0.59,22056.6661704127,17.5207328294543,60.218,68.8679275512695,17.556
Latvia,0.847,22502.8429938094,23.9940062166001,68.671,74.5283050537109,17.257
Greece,0.74,23400.7278817691,16.7312327593368,80.673,58.0188674926758,21.028
Croatia,0.744,21865.4562838641,23.2818000891938,58.575,59.9056587219238,17.298
Hungary,0.437,22141.8669799276,25.3457083347974,72.864,54.7169799804688,15.838
Trinidad and Tobago,0.755,20016.1503008736,,53.439,41.0377349853516,
Russia,0.19,13817.0458984375,25.6976089444481,75.331,15.5660381317139,13.232
Turkey,0.285,13105.6585678319,29.9641679336776,77.463,34.9056587219238,19.738
Romania,0.674,18404.2730871704,25.7736168430604,54.672,56.1320762634277,14.627
Kazakhstan,0.271,12918.8661346014,29.743445170011,58.179,47.1698112487793,14.164
Bulgaria,0.67,15885.5391311331,19.749565552763,76.701,50.0,15.704
Malaysia,0.507,11379.0861000632,22.4702448103035,78.716,61.7924537658691,13.056
China,0.074,12614.0617416421,42.0789515576359,64.57,54.2452812194824,
Chile,0.837,17067.8136150601,22.9537913250417,88.012,80.6603775024414,17.183
Uruguay,0.834,22797.8111731861,17.2550890049815,95.771,92.4528274536133,18.884
Argentina,0.838,14187.4827252965,19.3715390134256,92.463,41.9811325073242,20.75
Brazil,0.789,10294.866680778,16.0859873495074,87.788,34.4339637756348,16.489
Mexico,0.549,13790.0243428344,24.5819886861257,81.582,17.4528293609619,15.025
Thailand,0.289,7182.02525812415,22.5363320845542,53.608,35.8490562438965,15.65
Costa Rica,0.859,16942.0268119375,15.2565937229937,82.622,72.6415100097656,16.395
Peru,0.712,7906.58502858,18.8085161599425,78.922,25.4716987609863,14.512
South Africa,0.705,6022.5425418935,15.5380933769084,68.819,45.7547187805176,14.401
Colombia,0.709,6947.35928681966,13.6023346887484,82.354,44.8113212585449,14.541
Indonesia,0.538,4876.31432703188,30.5197743952542,58.572,36.3207550048828,13.621
Philippines,0.434,3804.8725797521,23.3211783050651,48.287,32.5471687316895,13.073
India,0.373,2480.79208721621,33.3198612583639,36.364,41.5094337463379,12.965
Vietnam,0.148,4282.08851724506,31.9617513892211,39.48,38.6792449951172,15.349
Ukraine,0.387,5069.703125,15.1307353745321,70.095,25.943395614624,13.541
Morocco,0.262,3771.4462890625,28.8189902949244,65.121,33.0188674926758,15.097
Egypt,0.188,3457.45691570455,12.8753925650879,43.1,24.5283012390137,12.794
Nigeria,0.49,1596.63696129001,,54.283,16.9811325073242,
Pakistan,0.335,1365.27743222493,14.1148906380341,38.04,18.8679237365723,7.31
Bangladesh,0.253,2551.01772674142,30.9512000834944,40.473,14.6226415634155,12.391
Kenya,0.566,1952.30457929636,16.3568914711063,29.52,24.056604385376,
Ethiopia,0.282,1272.01628209211,22.1714596641164,23.157,37.2641525268555,
Ghana,0.664,2260.28741289427,10.8475973001109,59.238,51.4150924682617,11.318
Tanzania,0.419,1224.48962402344,41.0023887360624,37.409,43.8679237365723,8.724
Uganda,0.275,1002.30913917142,22.8160132458418,26.771,16.5094337463379,
Senegal,0.626,1706.44218024762,44.2946347218023,49.579,56.6037750244141,9.926
Zambia,0.527,1330.72780576709,31.4450686240954,46.335,36.7924537658691,
Zimbabwe,0.291,2156.0340040333,16.2740397950954,32.517,9.90566062927246,
Mozambique,0.355,622.985619320596,19.8824088883357,38.753,22.1698112487793,9.881
Mali,0.231,869.270234286992,18.9179777529698,46.189,21.2264156341553,6.466
Niger,0.387,642.937917863471,26.446775142129,17.054,31.6037731170654,5.994
Chad,0.147,680.639877912029,25.7554813932324,24.366,4.71698093414307,5.99
Central African Republic,0.305,495.978897153068,23.7477562200269,43.614,8.96226406097412,
South Sudan,0.159,,,21.195,0.0,
Somalia,0.17,597.458854603159,22.3784203448908,47.92,0.943396210670471,
Afghanistan,0.073,415.707417059086,15.2,26.933,13.6792449951172,7.987
Haiti,0.211,1705.77905452248,13.8536836673602,59.656,6.13207530975342,
Yemen,0.128,477.409028678688,,39.831,1.88679242134094,
Syria,0.146,,,57.409,0.471698105335236,
Sudan,0.133,2183.44140625,2.17279846200315,36.342,4.24528312683105,7.64
Liberia,0.623,771.887142089677,,53.567,20.7547168731689,
Sierra Leone,0.493,757.85833603088,19.7173429649676,44.3,31.1320762634277,
Burundi,0.187,193.007145564804,12.9873820939998,14.784,3.30188679695129,10.345
Malawi,0.576,602.343619809252,,18.28,29.7169818878174,10.03
Rwanda,0.213,1010.2689290184,23.2859021868078,17.892,73.1132049560547,12.547
Congo (Democratic Republic),,627.502181690836,32.1151182270969,47.444,5.18867921829224,
Madagascar,0.479,506.159368687808,21.5936856636199,40.556,18.3962268829346,9.465
Togo,0.394,985.697512629974,22.9544796791665,44.49,28.7735843658447,11.493
Guinea,0.171,1541.04050914957,20.8605222670854,38.085,20.2830181121826,
Benin,0.493,1394.37330217623,40.4710649028638,50.1,52.8301887512207,9.752
Burkina Faso,0.211,882.689810086163,22.5438564249502,32.52,49.5283012390137,7.435
